time_s,time_hr,g40_depth_m,g40_Q_m3s,g40_vel_ms,g70_depth_m,g70_Q_m3s,g70_vel_ms,g100_depth_m,g100_Q_m3s,g100_vel_ms
30.0,0.00833,0.0,0.0,0.0,0.0,0.0,0.0,0.0,0.0,0.0
60.0,0.01667,0.0,0.0,0.0,0.0,0.0,0.0,0.0,0.0,0.0
90.0,0.025,0.0,0.0,0.0,0.0,0.0,0.0,0.0,0.0,0.0
120.0,0.03333,0.0,0.0,0.0,0.0,0.0,0.0,0.0,0.0,0.0
150.0,0.04167,0.0,0.0,0.0,0.0,0.0,0.0,0.0,0.0,0.0
180.0,0.05,0.0,0.0,0.0,0.0,0.0,0.0,0.0,0.0,0.0
210.0,0.05833,0.0,0.0,0.0,0.0,0.0,0.0,0.0,0.0,0.0
240.0,0.06667,0.0,0.0,0.0,0.0,0.0,0.0,0.0,0.0,0.0
270.0,0.075,0.0,0.0,0.0,0.0,0.0,0.0,0.0,0.0,0.0
300.0,0.08333,0.0,0.0,0.0,0.0,0.0,0.0,0.0,0.0,0.0
330.0,0.09167,0.0,0.0,0.0,0.0,0.0,0.0,0.0,0.0,0.0
360.0,0.1,0.0,0.0,0.0,0.0,0.0,0.0,0.0,0.0,0.0
390.0,0.10833,0.0,0.0,0.0,0.0,0.0,0.0,0.0,0.0,0.0
420.0,0.11667,0.0,0.0,0.0,0.0,0.0,0.0,0.0,0.0,0.0
450.0,0.125,0.0,0.0,0.0,0.0,0.0,0.0,0.0,0.0,0.0
480.0,0.13333,0.0,0.0,0.0,0.0,0.0,0.0,0.0,0.0,0.0
510.0,0.14167,0.0,0.0,0.0,0.0,0.0,0.0,0.0,0.0,0.0
540.0,0.15,0.0,0.0,0.0,0.0,0.0,0.0,0.0,0.0,0.0
570.0,0.15833,0.0,0.0,0.0,0.0,0.0,0.0,0.0,0.0,0.0
600.0,0.16667,0.0,0.0,0.0,0.0,0.0,0.0,0.0,0.0,0.0
630.0,0.175,0.0023,0.0015,0.0224,0.0,0.0,0.0,0.0,0.0,0.0
660.0,0.18333,0.1369,2.4158,0.5884,0.0,0.0,0.0,0.0,0.0,0.0
690.0,0.19167,0.3729,13.7848,1.2323,0.0,0.0,0.0,0.0,0.0,0.0
720.0,0.2,0.5315,21.7858,1.3664,0.0,0.0,0.0,0.0,0.0,0.0
750.0,0.20833,0.6433,27.2275,1.4109,0.0,0.0,0.0,0.0,0.0,0.0
780.0,0.21667,0.7272,31.1855,1.4295,0.0,0.0,0.0,0.0,0.0,0.0
810.0,0.225,0.7929,34.2084,1.4382,0.0,0.0,0.0,0.0,0.0,0.0
840.0,0.23333,0.8457,36.5908,1.4422,0.0,0.0,0.0,0.0,0.0,0.0
870.0,0.24167,0.8892,38.5143,1.4437,0.0,0.0,0.0,0.0,0.0,0.0
900.0,0.25,0.9255,40.0944,1.444,0.0,0.0,0.0,0.0,0.0,0.0
930.0,0.25833,0.9562,41.4099,1.4436,0.0,0.0,0.0,0.0,0.0,0.0
960.0,0.26667,0.9824,42.5165,1.4427,0.0,0.0,0.0,0.0,0.0,0.0
990.0,0.275,1.0048,43.4557,1.4416,0.0,0.0,0.0,0.0,0.0,0.0
1020.0,0.28333,1.0243,44.2587,1.4403,0.0,0.0,0.0,0.0,0.0,0.0
1050.0,0.29167,1.0412,44.949,1.4391,0.0,0.0,0.0,0.0,0.0,0.0
1080.0,0.3,1.0559,45.5459,1.4378,0.0,0.0,0.0,0.0,0.0,0.0
1110.0,0.30833,1.0688,46.0639,1.4366,0.0,0.0,0.0,0.0,0.0,0.0
1140.0,0.31667,1.0802,46.5153,1.4354,0.0,0.0,0.0,0.0,0.0,0.0
1170.0,0.325,1.0902,46.91,1.4343,0.0,0.0,0.0,0.0,0.0,0.0
1200.0,0.33333,1.099,47.2561,1.4333,0.0,0.0,0.0,0.0,0.0,0.0
1230.0,0.34167,1.1069,47.5603,1.4323,0.0002,0.0,0.0049,0.0,0.0,0.0
1260.0,0.35,1.1138,47.8282,1.4314,0.06,0.494,0.2742,0.0,0.0,0.0
1290.0,0.35833,1.12,48.0647,1.4305,0.2884,9.2776,1.0723,0.0,0.0,0.0
1320.0,0.36667,1.1255,48.2739,1.4297,0.4609,17.8312,1.2897,0.0,0.0,0.0
1350.0,0.375,1.1304,48.4592,1.429,0.5816,23.6666,1.3563,0.0,0.0,0.0
1380.0,0.38333,1.1348,48.6235,1.4283,0.6718,27.9217,1.3855,0.0,0.0,0.0
1410.0,0.39167,1.1387,48.7694,1.4277,0.7423,31.1942,1.4008,0.0,0.0,0.0
1440.0,0.4,1.1421,48.8992,1.4271,0.7992,33.8003,1.4097,0.0,0.0,0.0
1470.0,0.40833,1.1453,49.0147,1.4266,0.8462,35.9293,1.4153,0.0,0.0,0.0
1500.0,0.41667,1.1481,49.1176,1.4261,0.8857,37.7011,1.4188,0.0,0.0,0.0
1530.0,0.425,1.1506,49.2094,1.4257,0.9193,39.1951,1.4212,0.0,0.0,0.0
1560.0,0.43333,1.1528,49.2913,1.4253,0.9481,40.4689,1.4228,0.0,0.0,0.0
1590.0,0.44167,1.1548,49.3645,1.4249,0.9731,41.5644,1.4239,0.0,0.0,0.0
1620.0,0.45,1.1566,49.4299,1.4246,0.9948,42.5131,1.4245,0.0,0.0,0.0
1650.0,0.45833,1.1582,49.4883,1.4242,1.0138,43.3396,1.425,0.0,0.0,0.0
1680.0,0.46667,1.1597,49.5407,1.424,1.0306,44.0628,1.4252,0.0,0.0,0.0
1710.0,0.475,1.161,49.5875,1.4237,1.0453,44.6982,1.4253,0.0,0.0,0.0
1740.0,0.48333,1.1622,49.6295,1.4235,1.0584,45.2585,1.4253,0.0,0.0,0.0
1770.0,0.49167,1.1632,49.667,1.4232,1.07,45.754,1.4253,0.0,0.0,0.0
1800.0,0.5,1.1642,49.7007,1.4231,1.0804,46.1934,1.4252,0.0,0.0,0.0
1830.0,0.50833,1.165,49.731,1.4229,1.0896,46.5838,1.4251,0.0,0.0,0.0
1860.0,0.51667,1.1658,49.7579,1.4227,1.0979,46.9315,1.4249,0.0013,0.0006,0.0158
1890.0,0.525,1.1664,49.7705,1.4223,1.1053,47.2416,1.4247,0.1018,1.3604,0.4453
1920.0,0.53333,1.1664,49.6772,1.4197,1.1119,47.5186,1.4246,0.3246,11.0233,1.1321
1950.0,0.54167,1.1642,49.2751,1.4108,1.1178,47.7663,1.4244,0.4814,18.6824,1.2937
1980.0,0.55,1.1581,48.4068,1.3933,1.1232,47.9874,1.4242,0.593,24.0128,1.3497
2010.0,0.55833,1.1471,47.0775,1.368,1.1279,48.182,1.4239,0.6778,27.9795,1.3761
2040.0,0.56667,1.1315,45.4025,1.3375,1.1322,48.3427,1.4233,0.7448,31.0737,1.3907
2070.0,0.575,1.1121,43.5202,1.3045,1.1357,48.4521,1.4221,0.7993,33.5623,1.3997
2100.0,0.58333,1.0897,41.5338,1.2705,1.1384,48.4858,1.4198,0.8446,35.6178,1.4056
2130.0,0.59167,1.0653,39.5342,1.2371,1.1399,48.4182,1.4158,0.8827,37.3329,1.4097
2160.0,0.6,1.0393,37.5551,1.2044,1.1401,48.2284,1.41,0.9154,38.7939,1.4126
2190.0,0.60833,1.0122,35.6074,1.1726,1.1388,47.8994,1.4021,0.9439,40.0604,1.4147
2220.0,0.61667,0.985,33.7674,1.1427,1.1357,47.4399,1.3923,0.9682,41.1297,1.4161
2250.0,0.625,0.9572,31.9831,1.1138,1.131,46.8416,1.3806,0.9896,42.0612,1.4168
2280.0,0.63333,0.9295,30.2861,1.0861,1.1244,46.1224,1.3673,1.0082,42.8533,1.4168
2310.0,0.64167,0.9024,28.7003,1.0601,1.1164,45.3112,1.3529,1.0241,43.5047,1.4161
2340.0,0.65,0.8753,27.1762,1.0349,1.1068,44.4001,1.3372,1.038,44.0362,1.4142
2370.0,0.65833,0.8491,25.7569,1.0112,1.0959,43.4331,1.321,1.0496,44.4341,1.4111
2400.0,0.66667,0.823,24.3954,0.9881,1.0837,42.3964,1.3041,1.0596,44.7173,1.4067
2430.0,0.675,0.7975,23.1102,0.9659,1.0704,41.3187,1.2867,1.0677,44.8862,1.4013
2460.0,0.68333,0.7731,21.9156,0.9449,1.0565,40.2298,1.2693,1.074,44.9473,1.395
2490.0,0.69167,0.7489,20.7703,0.9245,1.0415,39.1066,1.2516,1.0786,44.9085,1.3879
2520.0,0.7,0.7258,19.7062,0.905,1.0262,37.9929,1.2341,1.0815,44.7764,1.3801
2550.0,0.70833,0.703,18.686,0.886,1.0101,36.8613,1.2164,1.0828,44.553,1.3716
2580.0,0.71667,0.6809,17.7235,0.8676,0.9936,35.7357,1.1989,1.0825,44.2464,1.3624
2610.0,0.725,0.6599,16.8294,0.8501,0.977,34.6391,1.1818,1.0809,43.8705,1.3529
2640.0,0.73333,0.6392,15.9719,0.8329,0.96,33.5406,1.1646,1.0779,43.4205,1.3427
2670.0,0.74167,0.6192,15.1628,0.8163,0.9428,32.4613,1.1477,1.0737,42.9094,1.3322
2700.0,0.75,0.6001,14.4114,0.8004,0.9259,31.4211,1.1312,1.0684,42.3544,1.3214
2730.0,0.75833,0.5815,13.6906,0.7848,0.9086,30.3881,1.1148,1.062,41.7445,1.3102
2760.0,0.76667,0.5635,13.0107,0.7697,0.8914,29.3815,1.0987,1.0547,41.0953,1.2988
2790.0,0.775,0.5461,12.3684,0.7549,0.8742,28.401,1.0829,1.0466,40.4123,1.2871
2820.0,0.78333,0.5293,11.7604,0.7406,0.8572,27.4455,1.0673,1.0377,39.7,1.2752
2850.0,0.79167,0.5133,11.194,0.7269,0.8405,26.5307,1.0522,1.0283,38.9756,1.2634
2880.0,0.8,0.4976,10.6486,0.7133,0.8237,25.6266,1.0371,1.0181,38.2198,1.2513
2910.0,0.80833,0.4825,10.1324,0.7001,0.807,24.749,1.0223,1.0075,37.4488,1.239
2940.0,0.81667,0.4681,9.6516,0.6874,0.7908,23.912,1.0079,0.9965,36.6799,1.227
2970.0,0.825,0.4542,9.1962,0.675,0.7748,23.1009,0.9938,0.9852,35.904,1.2148
3000.0,0.83333,0.4405,8.7576,0.6627,0.7588,22.3022,0.9797,0.9733,35.1106,1.2025
3030.0,0.84167,0.4276,8.3494,0.6509,0.7433,21.5428,0.9661,0.9614,34.3294,1.1903
3060.0,0.85,0.4151,7.9627,0.6394,0.728,20.8087,0.9528,0.9492,33.5497,1.1782
3090.0,0.85833,0.403,7.5964,0.6283,0.713,20.0993,0.9396,0.9368,32.7735,1.1661
3120.0,0.86667,0.3914,7.2494,0.6173,0.6983,19.4142,0.9267,0.9244,32.0027,1.154
3150.0,0.875,0.3802,6.9206,0.6067,0.6838,18.7529,0.9141,0.9118,31.2392,1.1421
3180.0,0.88333,0.3694,6.6091,0.5963,0.6697,18.1149,0.9017,0.8991,30.4842,1.1301
3210.0,0.89167,0.359,6.3139,0.5862,0.6558,17.4996,0.8895,0.8864,29.7391,1.1183
3240.0,0.9,0.3488,6.0286,0.5761,0.6419,16.8948,0.8773,0.8735,28.9905,1.1063
3270.0,0.90833,0.3391,5.7635,0.5665,0.6286,16.3232,0.8655,0.8608,28.268,1.0947
3300.0,0.91667,0.3298,5.5122,0.5571,0.6156,15.7723,0.854,0.8481,27.5582,1.0831
3330.0,0.925,0.3208,5.2738,0.5479,0.6029,15.2416,0.8427,0.8355,26.8615,1.0717
3360.0,0.93333,0.3122,5.0476,0.539,0.5905,14.7305,0.8316,0.8229,26.1784,1.0604
3390.0,0.94167,0.3038,4.8331,0.5303,0.5783,14.2382,0.8207,0.8105,25.5095,1.0491
3420.0,0.95,0.2957,4.6294,0.5218,0.5664,13.7641,0.81,0.7981,24.8549,1.038
3450.0,0.95833,0.288,4.4361,0.5135,0.5549,13.3077,0.7995,0.7859,24.2148,1.0271
3480.0,0.96667,0.2805,4.2526,0.5054,0.5435,12.8684,0.7892,0.7738,23.5895,1.0162
3510.0,0.975,0.2733,4.0783,0.4975,0.5325,12.4455,0.779,0.7618,22.979,1.0055
3540.0,0.98333,0.2663,3.9127,0.4898,0.5217,12.0384,0.7691,0.7499,22.3833,0.9949
3570.0,0.99167,0.2596,3.7554,0.4823,0.5112,11.6466,0.7594,0.7382,21.8025,0.9844
3600.0,1.0,0.2531,3.6058,0.4749,0.501,11.2695,0.7498,0.7267,21.2363,0.9741
3630.0,1.00833,0.2467,3.46,0.4676,0.4907,10.8973,0.7402,0.715,20.6706,0.9636
3660.0,1.01667,0.2406,3.3248,0.4606,0.481,10.5482,0.731,0.7038,20.1336,0.9536
3690.0,1.025,0.2348,3.1962,0.4538,0.4715,10.2122,0.7219,0.6928,19.6108,0.9436
3720.0,1.03333,0.2292,3.0738,0.4471,0.4623,9.8888,0.7131,0.6819,19.1022,0.9338
3750.0,1.04167,0.2237,2.9573,0.4406,0.4532,9.5775,0.7044,0.6712,18.6074,0.9241
3780.0,1.05,0.2183,2.8432,0.4341,0.4442,9.2694,0.6956,0.6603,18.1125,0.9143
3810.0,1.05833,0.2133,2.7375,0.4279,0.4356,8.9812,0.6872,0.65,17.6448,0.9049
3840.0,1.06667,0.2084,2.6369,0.4219,0.4273,8.7037,0.679,0.6398,17.1903,0.8956
3870.0,1.075,0.2036,2.5409,0.416,0.4192,8.4366,0.6709,0.6298,16.7486,0.8865
3900.0,1.08333,0.1989,2.4466,0.41,0.411,8.1715,0.6628,0.6196,16.3061,0.8772
3930.0,1.09167,0.1945,2.3593,0.4044,0.4033,7.924,0.655,0.61,15.8894,0.8683
3960.0,1.1,0.1902,2.2761,0.3989,0.3957,7.6858,0.6474,0.6005,15.4848,0.8596
3990.0,1.10833,0.1859,2.1941,0.3933,0.3882,7.4487,0.6396,0.5909,15.0786,0.8507
4020.0,1.11667,0.1819,2.1183,0.3881,0.381,7.2278,0.6323,0.5817,14.6972,0.8422
4050.0,1.125,0.1781,2.0459,0.383,0.3741,7.0151,0.6251,0.5728,14.327,0.8338
4080.0,1.13333,0.1742,1.9742,0.3778,0.3671,6.8028,0.6178,0.5637,13.9547,0.8253
4110.0,1.14167,0.1706,1.9081,0.3729,0.3605,6.6055,0.6108,0.555,13.6059,0.8171
4140.0,1.15,0.167,1.845,0.3682,0.354,6.4154,0.604,0.5466,13.2674,0.8091
4170.0,1.15833,0.1635,1.7822,0.3633,0.3475,6.2251,0.5971,0.538,12.9263,0.8009
4200.0,1.16667,0.1602,1.7245,0.3587,0.3414,6.0486,0.5905,0.5298,12.6076,0.7932
4230.0,1.175,0.1569,1.6669,0.3541,0.3352,5.8716,0.5838,0.5215,12.2859,0.7852
4260.0,1.18333,0.1538,1.614,0.3498,0.3294,5.7077,0.5775,0.5137,11.9859,0.7777
4290.0,1.19167,0.1507,1.5612,0.3453,0.3235,5.543,0.5711,0.5058,11.6826,0.77
4320.0,1.2,0.1478,1.5127,0.3412,0.318,5.3906,0.565,0.4982,11.4002,0.7627
4350.0,1.20833,0.1449,1.4642,0.3369,0.3124,5.2372,0.5587,0.4906,11.1142,0.7552
4380.0,1.21667,0.1421,1.4197,0.3329,0.3072,5.0955,0.5529,0.4834,10.8485,0.7481
4410.0,1.225,0.1394,1.375,0.3289,0.3019,4.9526,0.5469,0.476,10.5788,0.7408
4440.0,1.23333,0.1368,1.334,0.3251,0.2969,4.8208,0.5412,0.4691,10.3286,0.734
4470.0,1.24167,0.1342,1.2929,0.3211,0.2918,4.6874,0.5354,0.462,10.0743,0.7269
4500.0,1.25,0.1318,1.2552,0.3175,0.2871,4.5647,0.53,0.4553,9.8388,0.7202
4530.0,1.25833,0.1293,1.2172,0.3138,0.2823,4.4403,0.5244,0.4485,9.5989,0.7134
4560.0,1.26667,0.1269,1.1806,0.3101,0.2775,4.3201,0.5188,0.4418,9.3659,0.7066
4590.0,1.275,0.1247,1.1473,0.3067,0.2732,4.2097,0.5137,0.4356,9.1509,0.7003
4620.0,1.28333,0.1224,1.1135,0.3032,0.2687,4.0974,0.5084,0.4292,8.9311,0.6937
4650.0,1.29167,0.1203,1.0827,0.2999,0.2645,3.9944,0.5034,0.4232,8.7287,0.6875
4680.0,1.3,0.1182,1.0514,0.2965,0.2602,3.8894,0.4983,0.417,8.5212,0.6811
4710.0,1.30833,0.1161,1.0213,0.2932,0.256,3.7879,0.4932,0.4109,8.3197,0.6748
4740.0,1.31667,0.1142,0.9939,0.2901,0.2521,3.6951,0.4885,0.4053,8.1347,0.669
4770.0,1.325,0.1122,0.966,0.2869,0.2481,3.6001,0.4836,0.3995,7.9444,0.6629
4800.0,1.33333,0.1103,0.9391,0.2838,0.2442,3.5081,0.4788,0.3938,7.7595,0.6568
4830.0,1.34167,0.1085,0.9147,0.2809,0.2406,3.4243,0.4743,0.3885,7.5904,0.6512
4860.0,1.35,0.1067,0.8897,0.2779,0.2369,3.3382,0.4697,0.383,7.4157,0.6454
4890.0,1.35833,0.1049,0.8656,0.275,0.2333,3.2548,0.4651,0.3776,7.246,0.6396
4920.0,1.36667,0.1033,0.8438,0.2723,0.2299,3.179,0.4609,0.3727,7.0912,0.6343
4950.0,1.375,0.1016,0.8213,0.2694,0.2264,3.1007,0.4565,0.3675,6.9308,0.6287
4980.0,1.38333,0.1,0.7997,0.2666,0.223,3.025,0.4521,0.3624,6.7748,0.6231
5010.0,1.39167,0.0985,0.7801,0.2641,0.2199,2.9563,0.4481,0.3577,6.6331,0.618
5040.0,1.4,0.0969,0.7599,0.2614,0.2166,2.8851,0.4439,0.3529,6.4856,0.6127
5070.0,1.40833,0.0954,0.7404,0.2588,0.2135,2.8162,0.4398,0.3481,6.3422,0.6074
5100.0,1.41667,0.0939,0.7216,0.2562,0.2103,2.7493,0.4357,0.3434,6.2027,0.6022
5130.0,1.425,0.0925,0.7046,0.2538,0.2075,2.689,0.432,0.3391,6.0766,0.5974
5160.0,1.43333,0.0911,0.687,0.2513,0.2045,2.6261,0.428,0.3345,5.9445,0.5923
5190.0,1.44167,0.0897,0.67,0.2489,0.2016,2.5651,0.4241,0.3301,5.8161,0.5873
5220.0,1.45,0.0884,0.6535,0.2465,0.1987,2.5059,0.4203,0.3257,5.6911,0.5824
5250.0,1.45833,0.0872,0.6388,0.2443,0.1962,2.4529,0.4168,0.3218,5.5787,0.5779
5280.0,1.46667,0.0859,0.6233,0.242,0.1934,2.3972,0.4131,0.3176,5.4603,0.5731
5310.0,1.475,0.0846,0.6084,0.2397,0.1907,2.343,0.4095,0.3135,5.345,0.5683
5340.0,1.48333,0.0834,0.5939,0.2375,0.1881,2.2905,0.4059,0.3095,5.2329,0.5637
5370.0,1.49167,0.0823,0.581,0.2354,0.1858,2.2437,0.4026,0.3058,5.1326,0.5594
5400.0,1.5,0.0811,0.5675,0.2333,0.1832,2.1941,0.3991,0.3019,5.0262,0.5549
5430.0,1.50833,0.0799,0.5543,0.2311,0.1808,2.146,0.3957,0.2981,4.9226,0.5504
5460.0,1.51667,0.0788,0.5416,0.229,0.1784,2.0993,0.3923,0.2944,4.8217,0.546
5490.0,1.525,0.0777,0.5292,0.227,0.176,2.0538,0.389,0.2907,4.7234,0.5417
5520.0,1.53333,0.0767,0.5183,0.2251,0.1739,2.0136,0.386,0.2874,4.6363,0.5377
5550.0,1.54167,0.0757,0.5066,0.2232,0.1716,1.9707,0.3828,0.2838,4.543,0.5335
5580.0,1.55,0.0746,0.4954,0.2212,0.1694,1.929,0.3796,0.2804,4.4521,0.5293
5610.0,1.55833,0.0736,0.4844,0.2193,0.1672,1.8884,0.3765,0.2769,4.3635,0.5252
5640.0,1.56667,0.0727,0.4738,0.2174,0.1651,1.8489,0.3734,0.2736,4.2772,0.5211
5670.0,1.575,0.0717,0.4635,0.2155,0.163,1.8106,0.3704,0.2703,4.1931,0.5171
5700.0,1.58333,0.0708,0.4545,0.2139,0.1611,1.7769,0.3677,0.2674,4.1192,0.5135
5730.0,1.59167,0.0699,0.4447,0.2121,0.1591,1.7406,0.3647,0.2642,4.0392,0.5096
5760.0,1.6,0.069,0.4353,0.2103,0.1571,1.7052,0.3618,0.2611,3.9612,0.5058
5790.0,1.60833,0.0681,0.4261,0.2085,0.1552,1.6708,0.3589,0.258,3.8851,0.502
5820.0,1.61667,0.0672,0.4172,0.2068,0.1533,1.6373,0.3561,0.255,3.8109,0.4982
5850.0,1.625,0.0664,0.4085,0.2051,0.1514,1.6047,0.3533,0.252,3.7386,0.4945
5880.0,1.63333,0.0656,0.4001,0.2034,0.1496,1.5729,0.3506,0.2491,3.6681,0.4908
5910.0,1.64167,0.0648,0.3928,0.202,0.148,1.5454,0.3482,0.2466,3.6068,0.4876
5940.0,1.65,0.064,0.3849,0.2004,0.1462,1.5153,0.3455,0.2437,3.5396,0.4841
5970.0,1.65833,0.0632,0.3771,0.1988,0.1445,1.4859,0.3429,0.241,3.474,0.4805
6000.0,1.66667,0.0625,0.3696,0.1972,0.1428,1.4573,0.3403,0.2383,3.41,0.4771
6030.0,1.675,0.0617,0.3622,0.1956,0.1411,1.4294,0.3377,0.2356,3.3475,0.4736
6060.0,1.68333,0.061,0.3551,0.1941,0.1395,1.4022,0.3352,0.233,3.2865,0.4703
6090.0,1.69167,0.0602,0.3481,0.1926,0.1378,1.3757,0.3327,0.2304,3.227,0.4669
6120.0,1.7,0.0596,0.3422,0.1913,0.1365,1.3531,0.3305,0.2282,3.176,0.464
6150.0,1.70833,0.0589,0.3356,0.1899,0.1349,1.3279,0.3281,0.2257,3.1192,0.4607
6180.0,1.71667,0.0582,0.3292,0.1884,0.1334,1.3033,0.3257,0.2232,3.0637,0.4575
6210.0,1.725,0.0576,0.3229,0.187,0.1319,1.2793,0.3233,0.2208,3.0095,0.4543
6240.0,1.73333,0.0569,0.3168,0.1856,0.1304,1.2559,0.321,0.2184,2.9566,0.4512
6270.0,1.74167,0.0562,0.3109,0.1842,0.129,1.2331,0.3187,0.2161,2.9049,0.4481
6300.0,1.75,0.0556,0.3051,0.1829,0.1275,1.2109,0.3165,0.2138,2.8544,0.445
6330.0,1.75833,0.055,0.2994,0.1815,0.1261,1.1891,0.3142,0.2115,2.805,0.442
6360.0,1.76667,0.0544,0.2939,0.1802,0.1248,1.1679,0.312,0.2093,2.7568,0.439
6390.0,1.775,0.0538,0.2886,0.1789,0.1234,1.1472,0.3098,0.2071,2.7096,0.4361
6420.0,1.78333,0.0533,0.2841,0.1778,0.1223,1.1299,0.308,0.2053,2.6701,0.4336
6450.0,1.79167,0.0527,0.279,0.1765,0.121,1.1101,0.3059,0.2032,2.625,0.4307
6480.0,1.8,0.0521,0.274,0.1753,0.1197,1.0909,0.3038,0.2011,2.5809,0.4278
6510.0,1.80833,0.0515,0.2691,0.1741,0.1184,1.072,0.3017,0.199,2.5377,0.425
6540.0,1.81667,0.051,0.2644,0.1728,0.1172,1.0536,0.2997,0.197,2.4956,0.4222
6570.0,1.825,0.0504,0.2597,0.1716,0.116,1.0356,0.2976,0.195,2.4543,0.4195
6600.0,1.83333,0.0499,0.2552,0.1705,0.1148,1.0181,0.2956,0.1931,2.414,0.4168
6630.0,1.84167,0.0494,0.2508,0.1693,0.1136,1.0009,0.2937,0.1911,2.3745,0.4141
6660.0,1.85,0.0489,0.2465,0.1681,0.1124,0.9841,0.2917,0.1892,2.3359,0.4115
6690.0,1.85833,0.0484,0.2423,0.167,0.1113,0.9677,0.2898,0.1874,2.2982,0.4088
6720.0,1.86667,0.0479,0.2382,0.1659,0.1102,0.9517,0.2879,0.1855,2.2612,0.4062
6750.0,1.875,0.0474,0.2342,0.1648,0.1091,0.9361,0.286,0.1837,2.2252,0.4037
6780.0,1.88333,0.047,0.2309,0.1639,0.1082,0.9234,0.2845,0.1823,2.196,0.4016
6810.0,1.89167,0.0465,0.2271,0.1628,0.1071,0.9086,0.2827,0.1805,2.1616,0.3991
6840.0,1.9,0.046,0.2234,0.1617,0.1061,0.8941,0.2809,0.1788,2.128,0.3967
6870.0,1.90833,0.0456,0.2198,0.1607,0.1051,0.8798,0.2792,0.1771,2.0951,0.3943
6900.0,1.91667,0.0451,0.2162,0.1597,0.104,0.8659,0.2774,0.1755,2.0629,0.3919
6930.0,1.925,0.0447,0.2128,0.1587,0.1031,0.8523,0.2757,0.1738,2.0313,0.3895
6960.0,1.93333,0.0443,0.2094,0.1576,0.1021,0.839,0.274,0.1722,2.0004,0.3872
6990.0,1.94167,0.0438,0.2061,0.1567,0.1011,0.826,0.2723,0.1706,1.9701,0.3849
7020.0,1.95,0.0434,0.2028,0.1557,0.1002,0.8132,0.2706,0.1691,1.9404,0.3826
7050.0,1.95833,0.043,0.1996,0.1547,0.0992,0.8007,0.269,0.1675,1.9113,0.3803
7080.0,1.96667,0.0426,0.1965,0.1538,0.0983,0.7885,0.2674,0.166,1.8828,0.3781
7110.0,1.975,0.0422,0.1935,0.1528,0.0974,0.7765,0.2658,0.1645,1.8549,0.3759
7140.0,1.98333,0.0418,0.1905,0.1519,0.0965,0.7648,0.2642,0.163,1.8275,0.3737
7170.0,1.99167,0.0414,0.1876,0.151,0.0956,0.7533,0.2626,0.1616,1.8007,0.3715
7200.0,2.0,0.041,0.1847,0.15,0.0947,0.742,0.2611,0.1601,1.7744,0.3694
7230.0,2.00833,0.0407,0.1819,0.1491,0.0939,0.731,0.2595,0.1587,1.7486,0.3672
7260.0,2.01667,0.0403,0.1792,0.1482,0.093,0.7202,0.258,0.1573,1.7234,0.3651
7290.0,2.025,0.0399,0.1765,0.1474,0.0922,0.7096,0.2565,0.1559,1.6986,0.3631
7320.0,2.03333,0.0396,0.1739,0.1465,0.0914,0.6992,0.255,0.1546,1.6743,0.361
7350.0,2.04167,0.0392,0.1713,0.1456,0.0906,0.6891,0.2536,0.1532,1.6505,0.359
7380.0,2.05,0.0389,0.1688,0.1448,0.0898,0.6791,0.2521,0.1519,1.6271,0.357
7410.0,2.05833,0.0385,0.1663,0.1439,0.089,0.6693,0.2507,0.1506,1.6042,0.355
7440.0,2.06667,0.0382,0.1639,0.1431,0.0882,0.6598,0.2492,0.1493,1.5817,0.353
7470.0,2.075,0.0378,0.1616,0.1423,0.0875,0.6504,0.2478,0.1481,1.5596,0.3511
7500.0,2.08333,0.0375,0.1592,0.1415,0.0867,0.6412,0.2465,0.1468,1.538,0.3492
7530.0,2.09167,0.0372,0.157,0.1407,0.086,0.6321,0.2451,0.1456,1.5167,0.3473
7560.0,2.1,0.0369,0.1547,0.1399,0.0852,0.6233,0.2437,0.1444,1.4959,0.3454
7590.0,2.10833,0.0366,0.1525,0.1391,0.0845,0.6146,0.2424,0.1432,1.4754,0.3435
7620.0,2.11667,0.0362,0.1504,0.1383,0.0838,0.6061,0.241,0.142,1.4553,0.3417
7650.0,2.125,0.0359,0.1483,0.1376,0.0831,0.5977,0.2397,0.1408,1.4356,0.3398
7680.0,2.13333,0.0356,0.1462,0.1368,0.0824,0.5895,0.2384,0.1397,1.4163,0.338
7710.0,2.14167,0.0353,0.1442,0.136,0.0817,0.5815,0.2371,0.1385,1.3973,0.3362
7740.0,2.15,0.035,0.1422,0.1353,0.0811,0.5736,0.2359,0.1374,1.3787,0.3344
7770.0,2.15833,0.0347,0.1403,0.1346,0.0804,0.5658,0.2346,0.1363,1.3603,0.3327
7800.0,2.16667,0.0345,0.1384,0.1338,0.0797,0.5582,0.2333,0.1352,1.3424,0.331
7830.0,2.175,0.0342,0.1365,0.1331,0.0791,0.5507,0.2321,0.1341,1.3247,0.3292
7860.0,2.18333,0.0339,0.1347,0.1324,0.0785,0.5434,0.2309,0.1331,1.3074,0.3275
7890.0,2.19167,0.0336,0.1328,0.1317,0.0778,0.5362,0.2297,0.132,1.2903,0.3258
7920.0,2.2,0.0334,0.1311,0.131,0.0772,0.5292,0.2285,0.131,1.2736,0.3242
7950.0,2.20833,0.0331,0.1293,0.1303,0.0766,0.5222,0.2273,0.1299,1.2572,0.3225
7980.0,2.21667,0.0328,0.1276,0.1296,0.076,0.5154,0.2261,0.1289,1.241,0.3209
8010.0,2.225,0.0326,0.126,0.1289,0.0754,0.5087,0.2249,0.1279,1.2252,0.3192
8040.0,2.23333,0.0323,0.1243,0.1283,0.0748,0.5021,0.2238,0.1269,1.2096,0.3176
8070.0,2.24167,0.032,0.1227,0.1276,0.0742,0.4957,0.2226,0.126,1.1942,0.316
8100.0,2.25,0.0318,0.1211,0.127,0.0736,0.4893,0.2215,0.125,1.1792,0.3145
8130.0,2.25833,0.0316,0.1195,0.1263,0.0731,0.4831,0.2204,0.124,1.1644,0.3129
8160.0,2.26667,0.0313,0.118,0.1257,0.0725,0.477,0.2193,0.1231,1.1499,0.3114
8190.0,2.275,0.0311,0.1165,0.125,0.072,0.471,0.2182,0.1222,1.1356,0.3098
8220.0,2.28333,0.0308,0.115,0.1244,0.0714,0.4651,0.2171,0.1213,1.1215,0.3083
8250.0,2.29167,0.0306,0.1136,0.1238,0.0709,0.4593,0.216,0.1203,1.1077,0.3068
8280.0,2.3,0.0304,0.1122,0.1231,0.0703,0.4535,0.215,0.1195,1.0941,0.3053
8310.0,2.30833,0.0301,0.1108,0.1225,0.0698,0.4479,0.2139,0.1186,1.0807,0.3038
8340.0,2.31667,0.0299,0.1094,0.1219,0.0693,0.4424,0.2129,0.1177,1.0676,0.3024
8370.0,2.325,0.0297,0.108,0.1213,0.0688,0.437,0.2118,0.1168,1.0547,0.3009
8400.0,2.33333,0.0295,0.1067,0.1207,0.0683,0.4317,0.2108,0.116,1.042,0.2995
8430.0,2.34167,0.0292,0.1054,0.1201,0.0678,0.4264,0.2098,0.1151,1.0295,0.2981
8460.0,2.35,0.029,0.1041,0.1196,0.0673,0.4213,0.2088,0.1143,1.0172,0.2967
8490.0,2.35833,0.0288,0.1028,0.119,0.0668,0.4162,0.2078,0.1135,1.0051,0.2953
8520.0,2.36667,0.0286,0.1016,0.1184,0.0663,0.4112,0.2068,0.1127,0.9932,0.2939
8550.0,2.375,0.0284,0.1004,0.1178,0.0658,0.4063,0.2058,0.1119,0.9815,0.2925
8580.0,2.38333,0.0282,0.0992,0.1173,0.0653,0.4015,0.2048,0.1111,0.97,0.2911
8610.0,2.39167,0.028,0.098,0.1167,0.0649,0.3967,0.2039,0.1103,0.9587,0.2898
8640.0,2.4,0.0278,0.0968,0.1162,0.0644,0.3921,0.2029,0.1095,0.9475,0.2885
8670.0,2.40833,0.0276,0.0957,0.1156,0.0639,0.3875,0.202,0.1087,0.9365,0.2871
8700.0,2.41667,0.0274,0.0946,0.1151,0.0635,0.383,0.201,0.108,0.9257,0.2858
8730.0,2.425,0.0272,0.0935,0.1146,0.063,0.3785,0.2001,0.1072,0.9151,0.2845
8760.0,2.43333,0.027,0.0924,0.114,0.0626,0.3741,0.1992,0.1065,0.9047,0.2832
8790.0,2.44167,0.0268,0.0913,0.1135,0.0622,0.3698,0.1983,0.1057,0.8944,0.2819
8820.0,2.45,0.0266,0.0903,0.113,0.0617,0.3656,0.1974,0.105,0.8842,0.2807
8850.0,2.45833,0.0264,0.0892,0.1125,0.0613,0.3614,0.1965,0.1043,0.8743,0.2794
8880.0,2.46667,0.0263,0.0882,0.1119,0.0609,0.3573,0.1956,0.1036,0.8644,0.2782
8910.0,2.475,0.0261,0.0872,0.1114,0.0605,0.3533,0.1947,0.1029,0.8548,0.2769
8940.0,2.48333,0.0259,0.0862,0.1109,0.0601,0.3493,0.1939,0.1022,0.8452,0.2757
8970.0,2.49167,0.0257,0.0852,0.1104,0.0597,0.3454,0.193,0.1015,0.8359,0.2745
9000.0,2.5,0.0256,0.0843,0.1099,0.0593,0.3416,0.1921,0.1008,0.8266,0.2733
9030.0,2.50833,0.0254,0.0833,0.1095,0.0589,0.3378,0.1913,0.1001,0.8175,0.2721
9060.0,2.51667,0.0252,0.0824,0.109,0.0585,0.334,0.1904,0.0995,0.8086,0.2709
9090.0,2.525,0.025,0.0815,0.1085,0.0581,0.3303,0.1896,0.0988,0.7997,0.2698
9120.0,2.53333,0.0249,0.0806,0.108,0.0577,0.3267,0.1888,0.0982,0.791,0.2686
9150.0,2.54167,0.0247,0.0797,0.1075,0.0573,0.3231,0.188,0.0975,0.7825,0.2674
9180.0,2.55,0.0245,0.0788,0.1071,0.0569,0.3196,0.1872,0.0969,0.774,0.2663
9210.0,2.55833,0.0244,0.078,0.1066,0.0566,0.3162,0.1863,0.0963,0.7657,0.2652
9240.0,2.56667,0.0242,0.0771,0.1061,0.0562,0.3128,0.1856,0.0956,0.7576,0.264
9270.0,2.575,0.0241,0.0763,0.1057,0.0558,0.3094,0.1848,0.095,0.7495,0.2629
9300.0,2.58333,0.0239,0.0755,0.1052,0.0555,0.3061,0.184,0.0944,0.7415,0.2618
9330.0,2.59167,0.0238,0.0747,0.1048,0.0551,0.3028,0.1832,0.0938,0.7337,0.2607
9360.0,2.6,0.0236,0.0739,0.1043,0.0547,0.2996,0.1824,0.0932,0.726,0.2596
9390.0,2.60833,0.0234,0.0731,0.1039,0.0544,0.2965,0.1817,0.0926,0.7184,0.2585
9420.0,2.61667,0.0233,0.0723,0.1035,0.0541,0.2933,0.1809,0.092,0.7109,0.2575
9450.0,2.625,0.0232,0.0716,0.103,0.0537,0.2903,0.1801,0.0915,0.7035,0.2564
9480.0,2.63333,0.023,0.0708,0.1026,0.0534,0.2872,0.1794,0.0909,0.6962,0.2554
9510.0,2.64167,0.0229,0.0701,0.1022,0.053,0.2842,0.1786,0.0903,0.689,0.2543
9540.0,2.65,0.0227,0.0693,0.1017,0.0527,0.2813,0.1779,0.0898,0.6819,0.2533
9570.0,2.65833,0.0226,0.0686,0.1013,0.0524,0.2784,0.1772,0.0892,0.675,0.2522
9600.0,2.66667,0.0224,0.0679,0.1009,0.052,0.2755,0.1765,0.0886,0.6681,0.2512
9630.0,2.675,0.0223,0.0672,0.1005,0.0517,0.2727,0.1757,0.0881,0.6613,0.2502
9660.0,2.68333,0.0222,0.0665,0.1001,0.0514,0.2699,0.175,0.0876,0.6546,0.2492
9690.0,2.69167,0.022,0.0658,0.0997,0.0511,0.2672,0.1743,0.087,0.648,0.2482
9720.0,2.7,0.0219,0.0652,0.0993,0.0508,0.2645,0.1736,0.0865,0.6415,0.2472
9750.0,2.70833,0.0218,0.0645,0.0989,0.0505,0.2618,0.1729,0.086,0.6351,0.2462
9780.0,2.71667,0.0216,0.0639,0.0985,0.0502,0.2592,0.1722,0.0855,0.6288,0.2453
9810.0,2.725,0.0215,0.0632,0.0981,0.0499,0.2566,0.1715,0.0849,0.6225,0.2443
9840.0,2.73333,0.0214,0.0626,0.0977,0.0496,0.2541,0.1709,0.0844,0.6164,0.2433
9870.0,2.74167,0.0212,0.062,0.0973,0.0493,0.2515,0.1702,0.0839,0.6103,0.2424
9900.0,2.75,0.0211,0.0614,0.0969,0.049,0.2491,0.1695,0.0834,0.6043,0.2414
9930.0,2.75833,0.021,0.0608,0.0965,0.0487,0.2466,0.1689,0.0829,0.5984,0.2405
9960.0,2.76667,0.0209,0.0602,0.0962,0.0484,0.2442,0.1682,0.0825,0.5926,0.2396
9990.0,2.775,0.0207,0.0596,0.0958,0.0481,0.2418,0.1676,0.082,0.5868,0.2386
10020.0,2.78333,0.0206,0.059,0.0954,0.0478,0.2395,0.1669,0.0815,0.5811,0.2377
10050.0,2.79167,0.0205,0.0584,0.095,0.0475,0.2371,0.1663,0.081,0.5755,0.2368
10080.0,2.8,0.0204,0.0578,0.0947,0.0473,0.2348,0.1656,0.0805,0.57,0.2359
10110.0,2.80833,0.0202,0.0573,0.0943,0.047,0.2326,0.165,0.0801,0.5646,0.235
10140.0,2.81667,0.0201,0.0567,0.0939,0.0467,0.2304,0.1644,0.0796,0.5592,0.2341
10170.0,2.825,0.02,0.0562,0.0936,0.0465,0.2282,0.1637,0.0792,0.5539,0.2332
10200.0,2.83333,0.0199,0.0557,0.0932,0.0462,0.226,0.1631,0.0787,0.5486,0.2324
10230.0,2.84167,0.0198,0.0551,0.0929,0.0459,0.2238,0.1625,0.0783,0.5435,0.2315
10260.0,2.85,0.0197,0.0546,0.0925,0.0457,0.2217,0.1619,0.0778,0.5384,0.2306
10290.0,2.85833,0.0196,0.0541,0.0922,0.0454,0.2196,0.1613,0.0774,0.5333,0.2298
10320.0,2.86667,0.0194,0.0536,0.0918,0.0451,0.2176,0.1607,0.0769,0.5284,0.2289
10350.0,2.875,0.0193,0.0531,0.0915,0.0449,0.2156,0.1601,0.0765,0.5234,0.2281
10380.0,2.88333,0.0192,0.0526,0.0912,0.0446,0.2136,0.1595,0.0761,0.5186,0.2272
10410.0,2.89167,0.0191,0.0521,0.0908,0.0444,0.2116,0.1589,0.0757,0.5138,0.2264
10440.0,2.9,0.019,0.0516,0.0905,0.0441,0.2096,0.1583,0.0752,0.5091,0.2256
10470.0,2.90833,0.0189,0.0511,0.0901,0.0439,0.2077,0.1577,0.0748,0.5044,0.2247
10500.0,2.91667,0.0188,0.0507,0.0898,0.0436,0.2058,0.1572,0.0744,0.4998,0.2239
10530.0,2.925,0.0187,0.0502,0.0895,0.0434,0.2039,0.1566,0.074,0.4953,0.2231
10560.0,2.93333,0.0186,0.0497,0.0892,0.0432,0.202,0.156,0.0736,0.4908,0.2223
10590.0,2.94167,0.0185,0.0493,0.0888,0.0429,0.2002,0.1555,0.0732,0.4864,0.2215
10620.0,2.95,0.0184,0.0488,0.0885,0.0427,0.1984,0.1549,0.0728,0.482,0.2207
10650.0,2.95833,0.0183,0.0484,0.0882,0.0425,0.1966,0.1543,0.0724,0.4777,0.2199
10680.0,2.96667,0.0182,0.048,0.0879,0.0422,0.1949,0.1538,0.072,0.4734,0.2192
10710.0,2.975,0.0181,0.0475,0.0876,0.042,0.1931,0.1532,0.0716,0.4692,0.2184
10740.0,2.98333,0.018,0.0471,0.0873,0.0418,0.1914,0.1527,0.0712,0.465,0.2176
10770.0,2.99167,0.0179,0.0467,0.0869,0.0416,0.1897,0.1522,0.0709,0.4609,0.2168
10800.0,3.0,0.0178,0.0463,0.0866,0.0413,0.188,0.1516,0.0705,0.4568,0.2161
